gene_id,gene_name,Med8,Med17
YAL003W,EFB1,79008.435,32530.22833
YAL005C,SSA1,88506.92667,63787.02667
YAL012W,CYS3,4288.635,1693.035
YAL038W,CDC19,77419.99167,37910.33833
YAL040C,CLN3,30581.805,13837.99
YAL053W,FLC2,7668.558333,5914.518333
YAL054C,ACS1,7797.215,7509.351667
YAL061W,BDH2,16188.375,17385.845
YAR010C,YAR010C,48078.94833,4809.026667
YAR027W,UIP3,6187.508333,3732.32
YBL002W,HTB2,109546.4933,56355.48
YBL003C,HTA2,84530.17667,38259.29667
YBL004W,UTP20,6890.536667,2671.275
YBL005W-A,YBL005W-A,14170.27833,2793.52
YBL005W-B,YBL005W-B,14170.27833,2793.52
YBL011W,SCT1,5571.088333,3542.055
YBL013W,FMT1,4191.83,3482.253333
YBL014C,RRN6,4280.581667,3482.253333
YBL017C,PEP1,7444.736667,5857.196667
YBL027W,RPL19B,5323.17,5248.818333
YBL028C,YBL028C,4645.045,3629.283333
YBL029C-A,YBL029C-A,6791.013333,4187.413333
YBL030C,PET9,5385.111667,3875.048333
YBL041W,PRE7,7574.705,5875.603333
YBL044W,YBL044W,8478.001667,11179.265
YBL045C,COR1,8478.001667,11179.265
YBL054W,TOD6,5160.65,3902.758333
YBL055C,YBL055C,5018.935,3902.758333
YBL092W,RPL32,5739.84,3409.515
YBL099W,ATP1,5880.256667,3972.211667
YBL100W-A,YBL100W-A,4712.418333,2317.766667
YBL100W-B,YBL100W-B,4712.418333,2317.766667
YBR004C,GPI18,8591.39,5978.955
YBR005W,RCR1,8700.753333,5978.955
YBR007C,DSF2,6642.773333,1839.833333
YBR009C,HHF1,50799.995,18706.205
YBR010W,HHT1,47746.72333,13916.735
YBR025C,OLA1,5420.905,2111.115
YBR049C,REB1,7695.996667,8092.748333
YBR050C,REG2,5760.423333,7362.665
YBR054W,YRO2,9874.753333,6614.116667
YBR055C,PRP6,3790.926667,3402.39
YBR056W,YBR056W,3793.515,3402.39
YBR056W-A,YBR056W-A,4143.62,1234.773333
YBR059C,AKL1,4804.07,2320.22
YBR066C,NRG2,27950.21167,11920.81667
YBR068C,BAP2,128038.02,54947.33333
YBR069C,TAT1,27427.99333,10071.39833
YBR077C,SLM4,16981.45667,7587.213333
YBR078W,ECM33,22960.28667,11647.705
YBR082C,UBC4,28685.71333,12176.60333
YBR089C-A,NHP6B,10429.41667,3744.873333
YBR101C,FES1,19678.55667,8077.071667
YBR105C,VID24,16859.80833,7344.44
YBR106W,PHO88,17026.26333,9200.735
YBR112C,CYC8,7216.686667,5403.905
YBR114W,RAD16,3775.128333,1481.495
YBR118W,TEF2,44935.38833,26648.27833
YBR126C,TPS1,43406.305,35587.445
YBR126W-A,YBR126W-A,14516.32833,4409.256667
YBR145W,ADH5,9785.065,4003.111667
YBR149W,ARA1,6530.538333,6035.358333
YBR150C,TBS1,3413.62,1421.446667
YBR151W,APD1,3484.173333,1938.453333
YBR157C,ICS2,15129.37833,6679.875
YBR158W,AMN1,23663.50667,8152.98
YBR161W,CSH1,4159.576667,2870.506667
YBR162C,TOS1,16102.50167,7363.295
YBR162W-A,YSY6,6535.376667,2259.765
YBR169C,SSE2,8216.07,7726.483333
YBR182C-A,YBR182C-A,9042.793333,6972.793333
YBR183W,YPC1,9042.793333,6632.33
YBR196C,PGI1,49268.49833,26928.49
YBR196C-A,YBR196C-A,37084.44,17928.62667
YBR196C-B,YBR196C-B,21382.335,10530.72833
YBR201C-A,YBR201C-A,6527.725,3006.218333
YBR202W,MCM7,8953.535,3799.453333
YBR203W,COS111,3755.465,2575.273333
YBR218C,PYC2,9068.631667,4156.093333
YBR230C,OM14,3967.35,2687.971667
YBR230W-A,YBR230W-A,3806.31,1833.64
YBR238C,YBR238C,3487.606667,3112.983333
YBR249C,ARO4,4547.44,1577.578333
YBR287W,YBR287W,7729.308333,4771.938333
YBR296C,PHO89,22233.345,65147.10667
YCL019W,YCL019W,12179.82833,6500.491667
YCL020W,YCL020W,12179.82833,6500.491667
YCL025C,AGP1,17098.14,11457.445
YCL030C,HIS4,27257.76333,7599.606667
YCL034W,LSB5,6274.361667,3657.426667
YCL035C,GRX1,6311.226667,3523.985
YCL040W,GLK1,45763.99,20003.18
YCL043C,PDI1,43394.91833,15802.10333
YCR004C,YCP4,13892.43667,8814.806667
YCR005C,CIT2,48009.70167,30883.69333
YCR008W,SAT4,11124.875,6816.655
YCR009C,RVS161,7010.711667,4185.746667
YCR011C,ADP1,171595.4017,54936.965
YCR012W,PGK1,228383.5483,157132.0817
YCR015C,YCR015C,10745.08333,3741.405
YCR021C,HSP30,45091.21833,37015.735
YCR024C-A,PMP1,29164.39333,11145.03
YCR024C-B,YCR024C-B,29164.39333,11145.03
YCR030C,SYP1,6246.94,3303.478333
YCR031C,RPS14A,4967.011667,2308.725
YCR037C,PHO87,9848.136667,7445.963333
YDL010W,GRX6,29422.505,13202.52
YDL019C,OSH2,5621.528333,4441.756667
YDL020C,RPN4,19474.26,11794.4
YDL022W,GPD1,26716.83,74331.515
YDL025C,RTK1,5906.255,5099.755
YDL037C,BSC1,3122.1,1715.63
YDL046W,NPC2,9093.421667,9325.756667
YDL048C,STP4,41119.545,27925.495
YDL055C,PSA1,13285.24167,9926.668333
YDL070W,BDF2,16069.36,8692.29
YDL072C,YET3,16838.44333,10410.48667
YDL079C,MRK1,6263.206667,7787.903333
YDL124W,YDL124W,44008.23167,26364.10167
YDL125C,HNT1,41870.055,16680.15
YDL126C,CDC48,6362.598333,3592.281667
YDL127W,PCL2,4681.855,2656.588333
YDL133C-A,RPL41B,10237.82667,7460.093333
YDL133W,SRF1,11125.39667,7460.093333
YDL136W,RPL35B,6190.958333,5773.105
YDL137W,ARF2,7094.226667,6587.526667
YDL170W,UGA3,5373.868333,3425.178333
YDL171C,GLT1,6137.386667,3361.355
YDL173W,PAR32,4437.246667,3306.601667
YDL174C,DLD1,4265.496667,1637.64
YDL182W,LYS20,11750.46,10436.69167
YDL195W,SEC31,3769.835,1694.363333
YDL222C,FMP45,4227.086667,11985.25833
YDR003W,RCR2,9126.551667,6141.55
YDR006C,SOK1,5952.72,2679.601667
YDR007W,TRP1,5453.948333,3145.485
YDR011W,SNQ2,12960.28667,6265.856667
YDR033W,MRH1,7981.526667,6355.966667
YDR034C-A,YDR034C-A,5201.958333,4096.893333
YDR034C-C,YDR034C-C,6582.023333,3464.905
YDR034C-D,YDR034C-D,6582.023333,3464.905
YDR034W-B,YDR034W-B,4833.356667,1884.283333
YDR035W,ARO3,7925.535,3411.998333
YDR036C,EHD3,7768.531667,4646.231667
YDR037W,KRS1,8028.116667,3210.098333
YDR041W,RSM10,22728.14,21675.485
YDR050C,TPI1,93663.81833,110641.8367
YDR054C,CDC34,22548.98667,14391.56667
YDR062W,LCB2,8385.196667,6696.7
YDR072C,IPT1,54569.27333,36521.22667
YDR073W,SNF11,63738.57167,45765.41833
YDR074W,TPS2,55539.00333,40735.745
YDR077W,SED1,32263.07333,53132.515
YDR089W,YDR089W,5092.351667,2582.823333
YDR093W,DNF2,11235.08833,7166.688333
YDR098C-A,YDR098C-A,39953.97,7359.03
YDR098C-B,YDR098C-B,39953.97,7359.03
YDR111C,ALT2,4100.596667,2179.998333
YDR123C,INO2,5275.293333,2167.308333
YDR124W,YDR124W,5520.955,2161.218333
YDR127W,ARO1,18209.50667,5001.995
YDR129C,SAC6,9344.741667,3598.801667
YDR134C,YDR134C,82060.28833,75827.84167
YDR151C,CTH1,20545.02333,7156.82
YDR152W,GIR2,15906.87667,7156.82
YDR153C,ENT5,15668.00667,6323.075
YDR155C,CPR1,77379.46667,38375.19167
YDR156W,RPA14,59164.1,11189.32167
YDR158W,HOM2,15696.94,4292.338333
YDR170W-A,YDR170W-A,4654.418333,1676.948333
YDR171W,HSP42,88341.08,27873.43833
YDR173C,ARG82,12987.765,5478.233333
YDR174W,HMO1,13632.84333,4204.793333
YDR186C,YDR186C,9027.675,4137.178333
YDR188W,CCT6,9245.83,5083.71
YDR207C,UME6,4388.063333,2624.026667
YDR208W,MSS4,4449.36,3002.961667
YDR210C-C,YDR210C-C,40214.47833,7458.011667
YDR210C-D,YDR210C-D,40214.47833,7458.011667
YDR210W-A,YDR210W-A,8153.778333,3049.661667
YDR210W-B,YDR210W-B,8153.778333,3049.661667
YDR213W,UPC2,12418.72167,6908.243333
YDR214W,AHA1,48805.05667,14043.24167
YDR216W,ADR1,28264.705,14515.37167
YDR222W,YDR222W,5405.018333,4753.981667
YDR224C,HTB1,39185.015,19949.34333
YDR231C,COX20,7299.808333,4142.973333
YDR232W,HEM1,7103.956667,3777.466667
YDR233C,RTN1,19802.90833,10290.31
YDR234W,LYS4,15286.235,12703.84333
YDR247W,VHS1,35699.18667,35160.82167
YDR249C,YDR249C,17635.51,10312.075
YDR251W,PAM1,17635.51,10312.075
YDR258C,HSP78,34882.825,16454.62
YDR261C-C,YDR261C-C,53610.32667,8215.416667
YDR261C-D,YDR261C-D,53610.32667,8215.416667
YDR261W-A,YDR261W-A,5780.051667,1371.853333
YDR261W-B,YDR261W-B,5780.051667,1371.853333
YDR262W,YDR262W,28255.60833,8035.236667
YDR276C,PMP3,25089.85,14956.075
YDR277C,MTH1,13294.03333,13432.055
YDR293C,SSD1,5317.475,5586.686667
YDR297W,SUR2,6981.51,2635.178333
YDR309C,GIC2,3687.458333,2684.006667
YDR316W-A,YDR316W-A,15669.38333,955.5133333
YDR316W-B,YDR316W-B,15669.38333,955.5133333
YDR342C,HXT7,79688.57333,195744.1917
YDR343C,HXT6,13937.16667,45693.55167
YDR345C,HXT3,9969.35,5393.75
YDR346C,SVF1,3946.415,1667.128333
YDR347W,MRP1,3939.566667,1667.128333
YDR353W,TRR1,6040.601667,2606.653333
YDR354W,TRP4,5506.203333,2249.54
YDR363W-A,SEM1,1449.188333,541.9783333
YDR365W-A,YDR365W-A,25045.905,4044.513333
YDR365W-B,YDR365W-B,25045.905,4044.513333
YDR367W,KEI1,19825.09667,4797.441667
YDR385W,EFT2,15870.49667,7052.221667
YDR389W,SAC7,5260.461667,3629.628333
YDR399W,HPT1,9281.296667,4497.586667
YDR406W,PDR15,6902.313333,3607.551667
YDR472W,TRS31,5065.985,2373.573333
YDR482C,CWC21,13651.56333,14004.08
YDR483W,KRE2,13651.56333,14004.08
YDR487C,RIB3,8042.916667,6274.363333
YDR505C,PSP1,5198.885,4630.14
YDR508C,GNP1,12173.02167,12003.40333
YDR512C,EMI1,5196.37,3757.676667
YDR513W,GRX2,5196.441667,3757.676667
YDR516C,EMI2,18553.14167,13842.54667
YDR517W,GRH1,14361.55833,7333.676667
YDR524C,AGE1,7650.716667,6231.355
YDR524C-B,YDR524C-B,20751.46,17428.54667
YDR524W-C,YDR524W-C,20751.46,17428.54667
YDR525W-A,SNA2,15706.395,13483.075
YDR527W,RBA50,12284.91333,5296.165
YDR545W,YRF1-1,7048.985,7850.468333
YEL007W,MIT1,12806.41,7485.206667
YEL009C,GCN4,17825.58,9810.636667
YEL011W,GLC3,12948.94333,15677.04333
YEL012W,UBC8,4730.363333,5014.685
YEL017C-A,PMP2,16412.99833,10309.705
YEL017W,GTT3,12935.40167,7349.538333
YEL027W,VMA3,6083.745,4130.203333
YEL034W,HYP2,17441.345,11594.39833
YEL035C,UTR5,17182.60333,11594.39833
YEL036C,ANP1,21897.85167,16654.46167
YEL044W,IES6,35970.945,7817.253333
YEL046C,GLY1,41112.74667,20507.49167
YEL060C,PRB1,11646.40167,4787.793333
YEL063C,CAN1,5111.283333,1822.348333
YEL071W,DLD3,17497.49167,5265.885
YER001W,MNN1,3405.276667,1984.478333
YER019C-A,SBH2,18200.31,14849.57833
YER020W,GPA2,18158.25667,9274.845
YER035W,EDC2,21757.58833,11613.46833
YER036C,ARB1,5421.988333,2485.618333
YER037W,PHM8,6326.656667,6987.266667
YER044C,ERG28,5185.136667,2786.47
YER046W,SPO73,11771.38833,3471.918333
YER052C,HOM3,10894.15333,4817.283333
YER053C,PIC2,14441.56333,12259.52
YER053C-A,YER053C-A,5205.868333,4636.681667
YER055C,HIS1,22999.37667,7433.62
YER056C-A,RPL34A,7597.22,7670.918333
YER062C,GPP2,12065.075,34975.795
YER063W,THO1,17016.98,8717.605
YER064C,VHR2,26059.43833,15959.39333
YER067W,RGI1,22874.66167,76500.24333
YER069W,"ARG5,6",12677.76333,10109.66667
YER071C,TDA2,11659.18,7004.233333
YER072W,VTC1,11659.18,7004.233333
YER073W,ALD5,54229.41167,8962.86
YER075C,PTP3,4676.395,1681.843333
YER078C,ICP55,3904.355,2323.776667
YER078W-A,YER078W-A,2411.581667,774.56
YER079W,YER079W,3910.381667,2323.776667
YER088C,DOT6,24943.77,11686.73667
YER089C,PTC2,6153.29,2622.74
YER090W,TRP2,6158.551667,2622.74
YER091C,MET6,7096.793333,3186.393333
YER092W,IES5,6816.04,4427.523333
YER098W,UBP9,6134.953333,5060.751667
YER124C,DSE1,9711.178333,10077.96833
YER125W,RSP5,7674.17,3947.545
YER130C,COM2,8279.96,5776.405
YER131W,RPS26B,5340.043333,3580.136667
YER133W,GLC7,4449.866667,2620.718333
YER136W,GDI1,14029.64833,5970.465
YER137C,YER137C,12458.85833,5649.211667
YER137C-A,YER137C-A,47961.85833,4713.48
YER138C,YER138C,47961.85833,4713.48
YER138W-A,YER138W-A,11282.785,1393.07
YER144C,UBP5,8583.7,4735.5
YER145C,FTR1,8843.031667,2425.66
YER146W,LSM5,9204.288333,4446.741667
YER149C,PEA2,15244.57333,15593.18667
YER150W,SPI1,18567.07333,30955.935
YER153C,PET122,6690.416667,3088.441667
YER154W,OXA1,6228.541667,2967.375
YER158C,YER158C,15772.68333,8422.29
YER159C,BUR6,13032.735,11532.39167
YER168C,CCA1,7078.586667,6634.113333
YER169W,RPH1,7081.001667,6634.113333
YER177W,BMH1,45994.75167,16704.13667
YER178W,PDA1,12946.905,6338.961667
YER184C,TOG1,4959.856667,3649.733333
YER185W,PUG1,4965.046667,3649.733333
YER188C-A,YER188C-A,5151.931667,4440.88
YER189W,YER189W,5154.945,4440.88
YER190W,YRF1-2,5154.945,4440.88
YFL002W-A,YFL002W-A,7681.775,2147.623333
YFL002W-B,YFL002W-B,7681.775,2147.623333
YFL004W,VTC2,5426.776667,3458.788333
YFL014W,HSP12,5786.25,44891.34
YFL016C,MDJ1,14088.655,14932.915
YFL017W-A,SMX2,2960.186667,628.9116667
YFL018C,LPD1,7185.005,5357.428333
YFL021W,GAT1,13687.99167,7143.718333
YFL022C,FRS2,21989.64333,14540.785
YFL023W,BUD27,14435.72667,9359.095
YFL024C,EPL1,14435.72667,9359.095
YFL031W,HAC1,18363.55333,13629.77833
YFL033C,RIM15,13203.71167,5070.958333
YFL037W,TUB2,3096.12,1816.848333
YFL038C,YPT1,3100.385,1816.848333
YFL039C,ACT1,20562.99833,11783.23
YFR005C,SAD1,4795.933333,3187.841667
YFR006W,YFR006W,4798.568333,3187.841667
YFR014C,CMK1,6042.3,5146.541667
YFR015C,GSY1,42699.995,25965.17167
YFR017C,IGD1,10170.49167,6571.743333
YFR018C,YFR018C,7551.046667,2177.235
YFR019W,FAB1,7551.046667,2177.235
YFR033C,QCR6,6872.34,4547.431667
YFR034C,PHO4,6339.901667,4332.381667
YFR035C,YFR035C,6843.408333,4633.341667
YFR036W,CDC26,6622.406667,4633.341667
YFR053C,HXK1,92616.995,168838.1583
YGL006W,PMC1,22448.27167,13176.865
YGL006W-A,YGL006W-A,19141.41333,6172.723333
YGL007C-A,YGL007C-A,32713.98833,17803.72
YGL008C,PMA1,32713.98833,15753.56167
YGL028C,SCW11,11305.80167,6406.38
YGL035C,MIG1,25792.50667,10312.32667
YGL036W,YGL036W,82753.07167,40307.04667
YGL037C,PNC1,92529.965,57258.85167
YGL038C,OCH1,26367.14333,10219.43833
YGL053W,PRM8,4944.005,2256.946667
YGL054C,ERV14,5170.591667,3977.555
YGL055W,OLE1,21878.41833,8790.268333
YGL062W,PYC1,11772.37833,12074.05
YGL071W,AFT1,11583.66167,5099.918333
YGL076C,RPL7A,5486.235,2987.788333
YGL096W,TOS8,7346.426667,4579.238333
YGL123W,RPS2,11486.07333,7685.4
YGL125W,MET13,15525.52167,7189.163333
YGL162W,SUT1,5663.236667,2442.041667
YGL166W,CUP2,11612.47,11329.01667
YGL167C,PMR1,11612.47,11329.01667
YGL178W,MPT5,9573.215,4628.091667
YGL179C,TOS3,8801.518333,3695.386667
YGL184C,STR3,4776.783333,1906.421667
YGL190C,CDC55,6323.346667,3271.551667
YGL197W,MDS3,10382.775,4433.488333
YGL202W,ARO8,5246.218333,3395.761667
YGL209W,MIG2,9402.78,3993.306667
YGL253W,HXK2,25147.425,21386.345
YGR008C,STF2,10111.24333,10481.71833
YGR023W,MTL1,14515.93,12118.64
YGR027C,RPS25A,13980.69667,4548.231667
YGR027W-A,YGR027W-A,50466.91,11487.265
YGR027W-B,YGR027W-B,50466.91,11487.265
YGR031C-A,NAG1,24575.01,7130.491667
YGR032W,GSC2,28431.85833,25905.89667
YGR033C,TIM21,6531.971667,3099.901667
YGR034W,RPL26B,7263.3,4471.66
YGR035C,YGR035C,9103.29,3475.503333
YGR037C,ACB1,10625.46833,3586.543333
YGR038C-A,YGR038C-A,40945.91167,7802.988333
YGR038C-B,YGR038C-B,40945.91167,7802.988333
YGR038W,ORM1,10625.46833,3654.926667
YGR041W,BUD9,15110.30167,5885.318333
YGR043C,NQM1,5423.333333,5584.613333
YGR044C,RME1,9154.706667,5635.7
YGR046W,TAM41,7990.035,2883.998333
YGR050C,YGR050C,16996.31,11264.05667
YGR052W,FMP48,17147.47333,13202.78167
YGR055W,MUP1,38093.47333,28686.44667
YGR060W,ERG25,10052.21167,6342.473333
YGR067C,YGR067C,10543.70833,103434.6683
YGR068C,ART5,4597.066667,5758.328333
YGR070W,ROM1,4891.53,6197.705
YGR085C,RPL11B,4381.743333,4594.79
YGR086C,PIL1,12366.75333,9623.16
YGR088W,CTT1,6767.336667,21103.18333
YGR097W,ASK10,7453.438333,3034.04
YGR117C,YGR117C,5958.815,4823.12
YGR118W,RPS23A,6453.76,4128.431667
YGR121C,MEP1,34041.045,13705.17667
YGR122W,YGR122W,39195.49,22714.18167
YGR124W,ASN2,29086.07333,7521.153333
YGR130C,YGR130C,6261.641667,4156.345
YGR132C,PHB1,4255.611667,1630.19
YGR133W,PEX4,4231.288333,1681.021667
YGR138C,TPO2,16658.895,7700.635
YGR142W,BTN2,81295.60667,60087.63667
YGR143W,SKN1,8949.543333,4477.503333
YGR144W,THI4,5522.673333,3956.985
YGR154C,GTO1,23503.50667,7456.986667
YGR155W,CYS4,24463.675,6839.836667
YGR157W,CHO2,18892.29,4750.898333
YGR161C,RTS3,102839.6617,57710.53167
YGR161C-C,YGR161C-C,33356.335,5583.371667
YGR161C-D,YGR161C-D,33356.335,5583.371667
YGR161W-C,YGR161W-C,98307.53333,30868.02333
YGR162W,TIF4631,7578.388333,3382.43
YGR180C,RNR4,9879.073333,3668.778333
YGR189C,CRH1,16544.19,10294.50333
YGR192C,TDH3,367178.995,212765.4183
YGR197C,SNG1,10586.34333,5684.358333
YGR198W,YPP1,10631.47,5684.358333
YGR202C,PCT1,37833.60833,16938.42167
YGR203W,YCH1,37536.25833,16938.42167
YGR205W,TDA10,6364.471667,3475.321667
YGR210C,YGR210C,37974.14333,12562.80667
YGR211W,ZPR1,35252.75333,11219.865
YGR213C,RTA1,5631.896667,3989.41
YGR214W,RPS0A,4591.353333,3804.416667
YGR218W,CRM1,8612.801667,4643.571667
YGR229C,SMI1,4854.123333,3246.77
YGR233C,PHO81,21047.52667,13427.5
YGR240C,PFK1,25792.685,9981.738333
YGR241C,YAP1802,22167.63,25351.32167
YGR243W,MPC3,19090.895,57307.33667
YGR249W,MGA1,33825.62333,20726.79667
YGR250C,YGR250C,34231.03167,21681.35833
YGR254W,ENO1,93743.365,63850.46667
YGR267C,FOL2,7032.498333,3579.083333
YGR268C,HUA1,11317.11333,6963.2
YGR270W,YTA7,11930.90167,6963.2
YGR281W,YOR1,5012.488333,3108.581667
YGR296W,YRF1-3,8667.826667,8593.245
YHL007C,STE20,20435.065,8507.886667
YHL021C,AIM17,5924.836667,6291.021667
YHL024W,RIM4,8740.073333,5440.313333
YHL025W,SNF6,3677.9,2532.226667
YHL026C,YHL026C,3559.566667,2992.148333
YHL028W,WSC4,4902.88,3229.845
YHL029C,OCA5,4897.186667,3229.845
YHR005C,GPA1,8346.858333,2199.626667
YHR007C,ERG11,10385.36333,6050.296667
YHR021C,RPS27B,5655.531667,5614.291667
YHR021W-A,ECM12,585.2466667,213.1183333
YHR071W,PCL5,15305.80167,11536.63333
YHR082C,KSP1,7911.878333,2598.998333
YHR083W,SAM35,9097.15,3738.638333
YHR086W-A,YHR086W-A,1341.84,2334.16
YHR087W,RTC3,12064.75833,27100.925
YHR092C,HXT4,7037.145,7089.723333
YHR094C,HXT1,6271.695,4165.715
YHR096C,HXT5,8499.33,10269.04333
YHR097C,YHR097C,15577.24833,10835.51
YHR136C,SPL2,46265.67167,40314.76
YHR137W,ARO9,48814.30167,40314.76
YHR143W,DSE2,11024.92,5296.161667
YHR161C,YAP1801,15523.76,5167.241667
YHR162W,MPC2,16790.63333,6126.29
YHR163W,SOL3,6842.745,3833.485
YHR173C,YHR173C,135789.1433,100672.6233
YHR174W,ENO2,135789.1433,100672.6233
YHR179W,OYE2,11283.23833,5085.15
YHR214C-B,YHR214C-B,40779.34667,15303.89
YHR214C-C,YHR214C-C,40779.34667,15303.89
YIL046W,MET30,5150.686667,1691.238333
YIL046W-A,YIL046W-A,3700.211667,1332.795
YIL047C,SYG1,5190.455,1988.088333
YIL053W,GPP1,74634.88333,34013.20333
YIL054W,YIL054W,53511.39,12731.77833
YIL055C,YIL055C,52471.465,8981.573333
YIL056W,VHR1,70145.88833,62926.71
YIL069C,RPS24B,4421.086667,2292.92
YIL074C,SER33,6092.266667,5687.041667
YIL099W,SGA1,11541.75833,15526.81167
YIL101C,XBP1,11541.75833,15526.81167
YIL106W,MOB1,5153.945,8117.55
YIL107C,PFK26,6316.03,8117.55
YIL108W,YIL108W,6091.42,5619.123333
YIL109C,SEC24,5413.12,3075.356667
YIL111W,COX5B,4899.325,2609.26
YIL116W,HIS5,7037.406667,4130.841667
YIL117C,PRM5,8382.111667,3840.501667
YIL118W,RHO3,20681.79333,19824.54833
YIL119C,RPI1,6100.516667,2789.168333
YIL135C,VHS2,5521.411667,2547.538333
YIL162W,SUC2,5346.88,4984.038333
YIR016W,YIR016W,11303.465,7771.133333
YIR017C,MET28,22584.74167,13314.46
YIR018W,YAP5,18747.05667,13314.46
YJL016W,YJL016W,7006.8,4484.216667
YJL026W,RNR2,5584.14,4038.51
YJL034W,KAR2,30420.08167,19977.23167
YJL035C,TAD2,30420.08167,19977.23167
YJL042W,MHP1,7008.25,3513.903333
YJL048C,UBX6,12473.875,4574.451667
YJL052C-A,YJL052C-A,55007.875,59137.54333
YJL052W,TDH1,55007.875,59137.54333
YJL077W-A,YJL077W-A,15589.15833,6537.878333
YJL079C,PRY1,10174.08333,5633.041667
YJL082W,IML2,9891.655,4212.236667
YJL088W,ARG3,17205.105,6012.775
YJL100W,LSB6,14691.71667,5612.645
YJL101C,GSH1,14961.17667,5736.618333
YJL107C,YJL107C,5506.476667,5433.835
YJL115W,ASF1,12197.07833,11057.59333
YJL130C,URA2,6796.376667,4898.986667
YJL133C-A,YJL133C-A,18040.52833,12795.15333
YJL133W,MRS3,12675.23167,6119.073333
YJL140W,RPB4,4556.543333,3469.786667
YJL141C,YAK1,5475.753333,3646.89
YJL149W,DAS1,13789.01,5750.196667
YJL151C,SNA3,13800.33333,6293.403333
YJL159W,HSP150,46403.36833,43522.69
YJL164C,TPK1,5413.348333,7069.166667
YJL165C,HAL5,22067.33667,19751.915
YJL166W,QCR8,6514.466667,4565.563333
YJL171C,YJL171C,8554.176667,8040.678333
YJL177W,RPL17B,5360.116667,3939.143333
YJL178C,ATG27,5380.053333,4394.56
YJL210W,PEX2,14475.37667,6064.395
YJL212C,OPT1,13875.02167,4625.405
YJR009C,TDH2,53448.125,36946.855
YJR010W,MET3,6015.405,2879.1
YJR016C,ILV3,11327.10667,4371.368333
YJR017C,ESS1,3949.256667,2029.153333
YJR026W,YJR026W,42346.37833,4453.783333
YJR027W,YJR027W,42346.37833,4453.783333
YJR028W,YJR028W,48918.87,5921.088333
YJR029W,YJR029W,48918.87,5921.088333
YJR045C,SSC1,15265.44,6991.608333
YJR046W,TAH11,15265.44,6991.608333
YJR047C,ANB1,2954.231667,3619.12
YJR048W,CYC1,3013.23,3481.533333
YJR058C,APS2,12949.41,12429.37833
YJR059W,PTK2,12949.41,12429.37833
YJR103W,URA8,4900.003333,2300.891667
YJR104C,SOD1,8346.14,5190.635
YJR105W,ADO1,7354.365,5190.635
YJR109C,CPA2,26345.42833,15084.84833
YJR110W,YMR1,26345.42833,15084.84833
YJR113C,RSM7,15608.23,12625.69167
YJR115W,YJR115W,14972.00167,10796.92333
YJR123W,RPS5,8991.35,4781.076667
YJR127C,RSF2,23892.39333,19039.54833
YJR146W,YJR146W,8854.151667,6075.631667
YJR147W,HMS2,8854.151667,6075.631667
YJR148W,BAT2,3947.473333,2107.365
YKL006W,RPL14A,3410.786667,2484.953333
YKL007W,CAP1,5118.661667,2044.945
YKL008C,LAC1,5509.305,2061.53
YKL015W,PUT3,3885.995,3228.728333
YKL016C,ATP7,4451.4,3228.728333
YKL029C,MAE1,10198.35333,4406.255
YKL032C,IXR1,51558.98667,20961.80667
YKL035W,UGP1,36104.9,14728.35333
YKL037W,AIM26,37461.245,20519.915
YKL039W,PTM1,5687.628333,3294.41
YKL040C,NFU1,5499.503333,2952.658333
YKL043W,PHD1,20208.46667,2760.896667
YKL044W,YKL044W,25259.82333,6272.97
YKL051W,SFK1,18460.63333,8727.03
YKL054C,DEF1,10412.27333,5653.351667
YKL056C,TMA19,7107.148333,2915.406667
YKL060C,FBA1,94212.21,56906.15167
YKL062W,MSN4,10554.62167,5746.075
YKL063C,YKL063C,16210.24333,6629.398333
YKL064W,MNR2,13509.4,5198.395
YKL065C,YET1,14180.60833,8750.471667
YKL068W,NUP100,5171.506667,1564.691667
YKL068W-A,YKL068W-A,2928.276667,403.5333333
YKL085W,MDH1,3943.911667,2747.381667
YKL096W-A,CWP2,3150.915,992.18
YKL103C,APE1,4650.003333,2156.641667
YKL104C,GFA1,8689.681667,5486.391667
YKL109W,HAP4,64295.33167,36676.64167
YKL116C,PRR1,6267.296667,2485.618333
YKL117W,SBA1,4000.018333,2154.071667
YKL120W,OAC1,4839.61,2849.545
YKL127W,PGM1,3806.013333,1770.741667
YKL141W,SDH3,4151.611667,2207.165
YKL142W,MRP8,7337.233333,5592.055
YKL146W,AVT3,5472.836667,3695.191667
YKL148C,SDH1,5798.633333,2141.185
YKL150W,MCR1,14366.23667,9840.066667
YKL151C,YKL151C,14431.48333,9886.911667
YKL152C,GPM1,90401.60833,88466.225
YKL164C,PIR1,23538.79,23961.55667
YKL182W,FAS1,23973.075,11151.53667
YKL186C,MTR2,14483.42167,6191.923333
YKL198C,PTK1,8731.663333,6961.331667
YKL210W,UBA1,6219.958333,2489.263333
YKL211C,TRP3,5943.521667,2470.393333
YKR013W,PRY2,4462.06,2120.251667
YKR039W,GAP1,5560.153333,4278.208333
YKR052C,MRS4,6174.525,2487.818333
YKR061W,KTR2,7877.678333,5110.235
YKR068C,BET3,7829.263333,2220.998333
YKR069W,MET1,7743.85,2561.545
YKR071C,DRE2,5910.346667,1826.843333
YKR075C,YKR075C,13109.10833,5571.921667
YKR093W,PTR2,57132.94333,24976.95
YLL018C-A,COX19,6653.066667,3590.978333
YLL019C,KNS1,23808.26167,16431.745
YLL024C,SSA2,78561.335,50128.30667
YLL026W,HSP104,43072.87,32536.22333
YLL028W,TPO1,7179.986667,4662.78
YLL039C,UBI4,6320.286667,4404.891667
YLL043W,FPS1,6690.761667,4073.615
YLL055W,YCT1,3584.043333,1560.921667
YLL060C,GTT2,5002.076667,3356.585
YLL066C,YLL066C,7794.42,7526.765
YLL067C,YLL067C,19501.24667,8216.44
YLR023C,IZH3,6213.745,4935.965
YLR044C,PDC1,51560.37333,69370.23333
YLR058C,SHM2,3540.978333,2603.991667
YLR074C,BUD20,7684.573333,2783.195
YLR075W,RPL10,8345.735,4293.578333
YLR081W,GAL2,4465.631667,2868.126667
YLR089C,ALT1,8875.821667,3295.993333
YLR090W,XDJ1,8875.821667,4285.7
YLR092W,SUL2,9421.673333,6755.25
YLR093C,NYV1,4554.855,3615.431667
YLR094C,GIS3,4310.296667,3261.628333
YLR099C,ICT1,8545.425,5318.31
YLR099W-A,MIM2,8864.756667,5579.268333
YLR100W,ERG27,8084.385,3303.603333
YLR108C,YLR108C,26279.685,22799.035
YLR109W,AHP1,28967.235,27490.81
YLR110C,CCW12,78865.67333,66900.51333
YLR113W,HOG1,25187.905,20774.81
YLR120C,YPS1,42949.445,17683.64833
YLR121C,YPS3,8790.481667,5594.861667
YLR136C,TIS11,8186.591667,4795.598333
YLR137W,RKM5,8186.591667,4795.598333
YLR138W,NHA1,5521.455,3007.926667
YLR139C,SLS1,5676.901667,2729.27
YLR142W,PUT1,6281.331667,4242.58
YLR149C,YLR149C,5221.543333,2623.255
YLR150W,STM1,5221.543333,2505.283333
YLR157C-A,YLR157C-A,44488.21667,4488.498333
YLR157C-B,YLR157C-B,44488.21667,4488.498333
YLR157W-E,YLR157W-E,1434.726667,762.55
YLR168C,UPS2,3283.471667,2444.928333
YLR177W,YLR177W,3516.211667,1923.513333
YLR179C,YLR179C,6163.486667,2318.628333
YLR180W,SAM1,5232.231667,2318.628333
YLR194C,YLR194C,25150.58333,18417.49833
YLR212C,TUB4,6167.551667,2680.59
YLR227W-A,YLR227W-A,30265.27167,3783.093333
YLR227W-B,YLR227W-B,30265.27167,3783.093333
YLR229C,CDC42,4793.463333,2011.003333
YLR247C,IRC20,21819.14667,13537.75333
YLR248W,RCK2,21819.14667,13537.75333
YLR249W,YEF3,11322.33167,8804.735
YLR250W,SSP120,9063.366667,2764.731667
YLR256W,HAP1,36308.48833,18852.62333
YLR256W-A,YLR256W-A,28879.2,3208.563333
YLR257W,YLR257W,77578.23667,41862.765
YLR258W,GSY2,51749.62333,32766.13
YLR266C,PDR8,19072.93167,7161.646667
YLR267W,BOP2,17070.60167,5032.33
YLR278C,YLR278C,7539.618333,3660.096667
YLR286C,CTS1,8497.246667,6118.601667
YLR293C,GSP1,6218.17,3940.266667
YLR297W,YLR297W,7451.371667,4908.591667
YLR298C,YHC1,5573.038333,2409.335
YLR299W,ECM38,6073.143333,2663.245
YLR300W,EXG1,8559.868333,8555.046667
YLR312C,YLR312C,6978.793333,4536.705
YLR312W-A,MRPL15,1240.595,306.5833333
YLR327C,TMA10,61684.70667,102704.6117
YLR328W,NMA1,17770.59667,21565.42833
YLR332W,MID2,11511.63333,8957.76
YLR333C,RPS25B,8334.95,5899.325
YLR342W,FKS1,6739.391667,5519.31
YLR344W,RPL26A,14266.49667,7076.545
YLR346C,YLR346C,8847.586667,4439.21
YLR347C,KAP95,10749.64833,5622.496667
YLR348C,DIC1,17053.09333,3997.591667
YLR350W,ORM2,21624.92333,7841.243333
YLR354C,TAL1,21344.26333,9665.4
YLR355C,ILV5,19861.02333,7403.816667
YLR378C,SEC61,7748.228333,3740.205
YLR389C,STE23,4304.371667,2392.108333
YLR390W,ECM19,4740.623333,2391.883333
YLR399C,BDF1,9465.171667,6526.23
YLR401C,DUS3,5649.971667,3519.736667
YLR403W,SFP1,5862.973333,3733.978333
YLR406C-A,YLR406C-A,9021.496667,6496.123333
YLR407W,YLR407W,8562.618333,3782.226667
YLR410W-A,YLR410W-A,4808.386667,2672.626667
YLR410W-B,YLR410W-B,4808.386667,2672.626667
YLR411W,CTR3,4954.736667,2750.356667
YLR412C-A,YLR412C-A,10608.36833,4019.833333
YLR413W,INA1,9525.68,4019.833333
YLR414C,PUN1,19050.22333,7429.776667
YLR415C,YLR415C,22191.035,15259.50833
YLR417W,VPS36,22191.035,15259.50833
YLR436C,ECM30,5323.308333,4627.713333
YLR437C,DIF1,5993.235,4301.666667
YLR438W,CAR2,5519.633333,3538.431667
YLR447C,VMA6,5210.898333,2580.505
YLR448W,RPL6B,5837.156667,3482.16
YLR467W,YRF1-5,16634.55333,11547.31667
YML006C,GIS4,9507.308333,4542.796667
YML007C-A,YML007C-A,9591.43,5318.431667
YML007W,YAP1,6639.801667,2167.845
YML008C,ERG6,9614.981667,5318.431667
YML034W,SRC1,15337.35667,9578.471667
YML035C,AMD1,15337.35667,9578.471667
YML039W,YML039W,46441.30333,4549.696667
YML040W,YML040W,46441.30333,4549.696667
YML045W,YML045W,34088.48,4836.341667
YML045W-A,YML045W-A,7976.946667,3370.965
YML052W,SUR7,5101.286667,3602.258333
YML053C,YML053C,5102.106667,4009.858333
YML075C,HMG1,5776.331667,4843.201667
YML088W,UFO1,3685.673333,2836.263333
YML091C,RPM2,4192.336667,3123.628333
YML100W,TSL1,35279.90667,26285.73167
YML100W-A,YML100W-A,17976.46667,17990.91
YML101C,CUE4,34902.25333,18268.72833
YML102W,CAC2,11725.81333,5128.185
YML103C,NUP188,11906.10167,4908.495
YML116W,ATR1,4824.12,3421.708333
YML123C,PHO84,28076.87833,18412.83
YML130C,ERO1,12698.91,6940.788333
YML133C,YML133C,8397.72,8044.145
YMR001C,CDC5,10491.60833,5462.425
YMR001C-A,YMR001C-A,10491.60833,5462.425
YMR002W,MIX17,9789.691667,3655.581667
YMR008C,PLB1,40469.73167,25215.06167
YMR011W,HXT2,92577.04667,31812.91167
YMR013C,SEC59,9650.286667,5542.291667
YMR015C,ERG5,9989.958333,6551.17
YMR016C,SOK2,13660.99833,4424.155
YMR031C,EIS1,5864.56,2504.701667
YMR032W,HOF1,5864.56,2576.775
YMR037C,MSN2,5984.181667,4344.971667
YMR038C,CCS1,12740.29167,6262.653333
YMR039C,SUB1,21002.67167,14299.95167
YMR040W,YET2,21002.67167,14299.95167
YMR045C,YMR045C,38951.3,9925.265
YMR046C,YMR046C,38951.3,9925.265
YMR050C,YMR050C,35115.63167,5453.298333
YMR051C,YMR051C,35115.63167,5453.298333
YMR056C,AAC1,13431.25333,4442.23
YMR058W,FET3,11856.68167,4284.67
YMR070W,MOT3,4854.526667,2834.31
YMR081C,ISF1,25673.32667,50292.12667
YMR083W,ADH3,18566.52167,10276.15667
YMR092C,AIP1,3909.353333,2414.321667
YMR093W,UTP15,3927.203333,2231.326667
YMR100W,MUB1,5084.656667,3928.648333
YMR102C,YMR102C,33400.78167,18073.77333
YMR105C,PGM2,14805.21333,16780.84333
YMR105W-A,YMR105W-A,13335.98333,14441.03667
YMR107W,SPG4,6441.245,3946.18
YMR108W,ILV2,16322.59833,6374.965
YMR121C,RPL15B,24941.37333,15076.80667
YMR135C,GID8,9326.645,2782.283333
YMR136W,GAT2,15870.75667,6896.773333
YMR142C,RPL13B,7963.16,6631.316667
YMR143W,RPS16A,7963.16,8222.653333
YMR145C,NDE1,11300.64333,8389.531667
YMR173W,DDR48,6798.031667,9425.213333
YMR186W,HSC82,8558.628333,7704.631667
YMR194C-B,CMC4,38474.86,29538.92167
YMR195W,ICY1,56292.50167,69725.98333
YMR199W,CLN1,8441.935,3955.246667
YMR205C,PFK2,24684.83167,17975.59833
YMR206W,YMR206W,17407.39667,5439.098333
YMR242C,RPL20A,4319.375,4060.52
YMR244C-A,COA6,11915.20833,2797.583333
YMR246W,FAA4,13561.37,3737.376667
YMR247W-A,YMR247W-A,707.505,325.8183333
YMR251W-A,HOR7,14908.12833,6883.79
YMR261C,TPS3,6115.523333,3965.938333
YMR262W,YMR262W,5919.868333,3965.938333
YMR265C,YMR265C,11544.70667,4176.8
YMR266W,RSN1,13514.52,5638.775
YMR291W,TDA1,29963.88,28038.31167
YMR296C,LCB1,7132.45,4770.255
YMR297W,PRC1,6366.813333,3621.98
YMR307W,GAS1,4801.823333,3658.841667
YMR313C,TGL3,4691.983333,2059.965
YMR314W,PRE5,4757.81,2082.195
YMR316W,DIA1,10447.35667,5913.973333
YMR318C,ADH6,3599.468333,2680.853333
YNL006W,LST8,77180.50333,42054.52167
YNL007C,SIS1,81009.45167,42054.52167
YNL015W,PBI2,7233.823333,4207.026667
YNL016W,PUB1,5148.626667,2971.783333
YNL020C,ARK1,7101,4562.873333
YNL030W,HHF2,104211.1767,70368.90833
YNL031C,HHT2,111468.5483,38806.92333
YNL036W,NCE103,16819.16333,17447.345
YNL037C,IDH1,10065.35333,5097.255
YNL042W,BOP3,6197.366667,3092.375
YNL054W-A,YNL054W-A,12891.28,4746.548333
YNL054W-B,YNL054W-B,12891.28,4746.548333
YNL063W,MTQ1,24289.17667,10683.64833
YNL064C,YDJ1,24289.17667,10683.64833
YNL066W,SUN4,11317.03833,5799.053333
YNL067W,RPL9B,4465.168333,3353.801667
YNL071W,LAT1,4269.363333,3131.726667
YNL077W,APJ1,112475.9783,23582.74667
YNL078W,NIS1,8053.55,4598.481667
YNL079C,TPM1,7833.195,4076.783333
YNL096C,RPS7B,7487.123333,4770.95
YNL097C-B,YNL097C-B,56522.50833,24134.08833
YNL098C,RAS2,56522.50833,24134.08833
YNL103W,MET4,26725.43333,13634.73333
YNL104C,LEU4,28434.23833,10514.255
YNL134C,YNL134C,7306.775,5586.495
YNL144C,YNL144C,21311.22167,12564.46667
YNL149C,PGA2,4670.34,3955.915
YNL154C,YCK2,4216.153333,2735.923333
YNL157W,IGO1,4385.3,3770.126667
YNL160W,YGP1,15053.97833,13133.515
YNL178W,RPS3,7727.441667,3153.62
YNL180C,RHO5,12517.86167,9640.79
YNL189W,SRP1,4308.191667,1685.405
YNL190W,YNL190W,12551.03667,6844.151667
YNL192W,CHS1,18777.52167,13943.5
YNL193W,YNL193W,6103.758333,14653.32
YNL194C,YNL194C,6800.161667,18846.49333
YNL208W,YNL208W,13056.22667,7486.24
YNL217W,YNL217W,8521.585,4921.626667
YNL220W,ADE12,21609.64167,7431.078333
YNL221C,POP1,20159.75667,9013.18
YNL231C,PDR16,12833.65333,7020.44
YNL241C,ZWF1,35084.05667,30608.71833
YNL251C,NRD1,4916.435,3743.968333
YNL268W,LYP1,4231.761667,2412.088333
YNL270C,ALP1,4400.166667,3825.138333
YNL277W,MET2,12922.27833,3956.585
YNL278W,CAF120,5686.411667,4116.273333
YNL281W,HCH1,5285.968333,2788.851667
YNL282W,POP3,3694.223333,1630.978333
YNL284C-A,YNL284C-A,32908.705,4795.653333
YNL284C-B,YNL284C-B,32908.705,4795.653333
YNL327W,EGT2,18388.705,9645.66
YNL328C,MDJ2,18713.965,6419.605
YNL339C,YRF1-6,7640.661667,7321.813333
YNR001C,CIT1,13248.25,7728.961667
YNR013C,PHO91,15307.21333,9085.43
YNR014W,YNR014W,14132.95333,7382.491667
YNR016C,ACC1,14735.23,5826.535
YNR018W,RCF2,12978.11,6937.608333
YNR019W,ARE2,5373.688333,2517.126667
YNR034W-A,YNR034W-A,1730.906667,10721.62333
YNR069C,BSC5,16800.215,5402.693333
YOL004W,SIN3,6546.641667,3756.47
YOL005C,RPB11,6136.865,3345.12
YOL011W,PLB3,25472.335,7410.395
YOL014W,YOL014W,9736.365,3399.65
YOL015W,IRC10,18660.34333,9832.188333
YOL016C,CMK2,18660.34333,9832.188333
YOL019W,YOL019W,6090.408333,4154.131667
YOL020W,TAT2,11371.195,9472.178333
YOL021C,DIS3,7381.703333,4179.161667
YOL039W,RPP2A,6056.733333,3153.346667
YOL040C,RPS15,6055.946667,3775.601667
YOL052C-A,DDR2,19543.69,33999.78
YOL058W,ARG1,11420.86667,7003.498333
YOL059W,GPD2,20919.095,8745.546667
YOL060C,MAM3,12409.72167,4190.176667
YOL081W,IRA2,36179.10667,11665.20167
YOL082W,ATG19,10720.39667,3094.371667
YOL086C,ADH1,130076.58,55429.18833
YOL101C,IZH4,8493.62,2942.001667
YOL103W,ITR2,14622.955,3481.455
YOL103W-A,YOL103W-A,17203.47667,1200.946667
YOL103W-B,YOL103W-B,17203.47667,1200.946667
YOL104C,NDJ1,53905.82833,7418.84
YOL109W,ZEO1,195381.6233,138942.7567
YOL110W,SHR5,44528.34833,27086.89167
YOL111C,MDY2,44528.34833,27086.89167
YOL119C,MCH4,6518.198333,2943.883333
YOL123W,HRP1,6789.973333,5830.971667
YOL125W,TRM13,12432.00833,12271.945
YOL126C,MDH2,16328.49833,12271.945
YOL127W,RPL25,3798.076667,2379.938333
YOL130W,ALR1,5509.896667,3397.988333
YOL158C,ENB1,12278.25333,2056.38
YOR020C,HSP10,8230.031667,4154.163333
YOR020W-A,YOR020W-A,1235.761667,591.3333333
YOR023C,AHC1,3749.895,3019.551667
YOR025W,HST3,4070.271667,3019.551667
YOR027W,STI1,29855.655,10001.545
YOR032C,HMS1,4161.34,2649.276667
YOR043W,WHI2,9782.986667,4451.428333
YOR047C,STD1,6222.08,3402.45
YOR049C,RSB1,23338.33167,6062.46
YOR051C,ETT1,6193.056667,3219.785
YOR052C,TMC1,8375.283333,3707.651667
YOR063W,RPL3,7373.045,2684.513333
YOR064C,YNG1,5857.158333,3259.165
YOR065W,CYT1,5857.158333,3770.166667
YOR066W,MSA1,4174.685,2093.753333
YOR086C,TCB1,4337.515,2054.436667
YOR087W,YVC1,4401.785,2077.265
YOR092W,ECM3,16054.56667,12019.96833
YOR096W,RPS7A,8356.366667,7047.821667
YOR098C,NUP1,9358.806667,8321.395
YOR099W,KTR1,9358.806667,8321.395
YOR100C,CRC1,7323.471667,6986.995
YOR101W,RAS1,7323.471667,6986.995
YOR107W,RGS2,6540.41,2810.586667
YOR108W,LEU9,5557.683333,2062.491667
YOR134W,BAG7,6002.201667,5326.685
YOR136W,IDH2,6263.113333,5021.366667
YOR137C,SIA1,5322.248333,4644.928333
YOR142W-A,YOR142W-A,12885.51,2886.141667
YOR142W-B,YOR142W-B,12885.51,2886.141667
YOR153W,PDR5,51806.91833,18848.195
YOR161C,PNS1,9090.488333,19570.99833
YOR178C,GAC1,18285.30167,43420.31333
YOR182C,RPS30B,15111.40167,11122.01
YOR184W,SER1,15111.40167,11122.01
YOR187W,TUF1,6871.521667,5934.86
YOR192C-A,YOR192C-A,9464.303333,3417.28
YOR192C-B,YOR192C-B,9464.303333,3417.28
YOR192C-C,YOR192C-C,4704.928333,2245.615
YOR193W,PEX27,8347.968333,3183.06
YOR196C,LIP5,5627.11,3236.198333
YOR197W,MCA1,5625.656667,3236.198333
YOR198C,BFR1,14017.41667,5342.581667
YOR201C,MRM1,39721.02667,14492.24167
YOR202W,HIS3,39721.02667,14492.24167
YOR204W,DED1,9395.21,4349.703333
YOR207C,RET1,8750.61,5738.345
YOR208W,PTP2,8750.61,5815.94
YOR212W,STE4,9189.398333,3695.886667
YOR219C,STE13,18370.68333,16072.93
YOR220W,RCN2,18370.68333,16072.93
YOR221C,MCT1,4245.208333,1918.1
YOR222W,ODC2,4241.59,1918.1
YOR226C,ISU2,11099.74167,6635.565
YOR227W,HER1,11120.805,6635.565
YOR230W,WTM1,34236.97833,25491.095
YOR236W,DFR1,5805.371667,2748.591667
YOR237W,HES1,3268.143333,3202.106667
YOR246C,ENV9,3178.928333,1508.965
YOR247W,SRL1,3396.368333,2011.33
YOR264W,DSE3,13638.38,4788.016667
YOR271C,FSF1,8502.678333,4754.738333
YOR273C,TPO4,32178.34,20925.07833
YOR278W,HEM4,6267.715,2649.796667
YOR292C,YOR292C,4701.846667,3337.066667
YOR293W,RPS10A,5187,3337.066667
YOR298C-A,MBF1,21378.94667,9974.951667
YOR299W,BUD7,18942.03667,6713.223333
YOR302W,YOR302W,19957.485,9609.735
YOR303W,CPA1,19957.485,9609.735
YOR306C,MCH5,6258.49,3787.286667
YOR315W,SFG1,4367.128333,3156.596667
YOR316C,COT1,5339.73,2020.71
YOR316C-A,YOR316C-A,6912.68,3246.911667
YOR317W,FAA1,11852.73667,7320.5
YOR319W,HSH49,11151.46333,8628.896667
YOR327C,SNC2,8211.948333,6416.591667
YOR342C,YOR342C,17547.36167,6320.325
YOR343W-A,YOR343W-A,6774.9,3339.791667
YOR343W-B,YOR343W-B,6774.9,3339.791667
YOR344C,TYE7,196957.1083,80712.49167
YOR349W,CIN1,11247.34333,13894.56667
YOR374W,ALD4,9409.468333,8836.501667
YOR375C,GDH1,21147.61333,11987.95333
YOR382W,FIT2,9621.078333,1547.548333
YOR385W,YOR385W,10142.08333,6173.775
YOR394C-A,YOR394C-A,8009.311667,8177.665
YOR396W,YRF1-8,8009.311667,8177.665
YPL003W,ULA1,9575.746667,7612.318333
YPL004C,LSP1,9575.746667,7612.318333
YPL014W,YPL014W,37507.43333,13665.79167
YPL015C,HST2,34671.025,14898.09167
YPL016W,SWI1,11077.73667,8304.38
YPL017C,IRC15,11077.73667,7258.876667
YPL018W,CTF19,14931.86667,6729.955
YPL019C,VTC3,12119.135,4268.88
YPL024W,RMI1,23753.95333,16486.94333
YPL026C,SKS1,32194.34,13192.87
YPL032C,SVL3,12580.23833,9902.016667
YPL036W,PMA2,8370.55,3757.515
YPL037C,EGD1,7776.216667,4681.198333
YPL048W,CAM1,17308.005,3633.216667
YPL049C,DIG1,17498.08333,5536.755
YPL054W,LEE1,30212.71667,34607.68167
YPL056C,LCL1,30263.37167,21647.27167
YPL057C,SUR1,36661.05833,30356.99333
YPL061W,ALD6,62127.92167,60641.365
YPL066W,RGL1,26384.22833,17445.765
YPL067C,YPL067C,23841.705,7843.933333
YPL075W,GCR1,30665.48333,15175.66667
YPL078C,ATP4,5660.65,3188.366667
YPL081W,RPS9A,4797.3,2547.973333
YPL082C,MOT1,4917.296667,2547.973333
YPL087W,YDC1,6383.325,5921.913333
YPL088W,YPL088W,7911.193333,9958.918333
YPL089C,RLM1,6925.893333,9842.988333
YPL092W,SSU1,3872.138333,1686.881667
YPL106C,SSE1,26777.74,11938.005
YPL111W,CAR1,12177.945,6803.501667
YPL116W,HOS3,4154.438333,2221.713333
YPL117C,IDI1,3817.64,2221.713333
YPL135W,ISU1,17419.13,8373.646667
YPL137C,GIP3,11173.24167,6713.133333
YPL144W,POC4,5347.361667,3452.356667
YPL145C,KES1,5345.19,3452.356667
YPL149W,ATG5,15974.81833,10188.46167
YPL156C,PRM4,21678.905,11799.04667
YPL157W,TGS1,4911.451667,1537.896667
YPL158C,AIM44,4922.07,1780.486667
YPL170W,DAP1,5200.306667,2696.32
YPL177C,CUP9,15716.8,6537.23
YPL179W,PPQ1,9424.153333,5223.231667
YPL187W,MF(ALPHA)1,21181.10333,2135.001667
YPL221W,FLC1,17106.38667,9946.506667
YPL231W,FAS2,12527.98833,7979.065
YPL232W,SSO1,16753.34667,14849.73833
YPL233W,NSL1,5588.686667,2918.593333
YPL240C,HSP82,54510.47833,27559.895
YPL249C-A,RPL36B,8593.155,2458.95
YPL250C,ICY2,83668.66167,37893.09167
YPL257W-A,YPL257W-A,29432.615,2917.668333
YPL257W-B,YPL257W-B,29432.615,2917.668333
YPL265W,DIP5,26258.32,12522.62167
YPL274W,SAM3,6604.371667,1684.47
YPL283C,YRF1-7,8041.261667,7742.411667
YPR008W,HAA1,10923.605,6145.47
YPR009W,SUT2,5179.996667,1937.548333
YPR023C,EAF3,4665.718333,3303.271667
YPR024W,YME1,4630.513333,3303.271667
YPR028W,YOP1,13086.285,6578.06
YPR029C,APL4,5731.62,3736.435
YPR035W,GLN1,47912.055,23881.40167
YPR042C,PUF2,6442.901667,2763.511667
YPR043W,RPL43A,6449.371667,2794.936667
YPR052C,NHP6A,4259.413333,2401.165
YPR054W,SMK1,4241.798333,2401.165
YPR065W,ROX1,26937.31833,18639.14667
YPR074C,TKL1,14337.83,5595
YPR080W,TEF1,14215.65,8630.183333
YPR137C-A,YPR137C-A,50811.39667,5736.48
YPR137C-B,YPR137C-B,50811.39667,5736.48
YPR138C,MEP3,10262.53333,5330.866667
YPR145W,ASN1,42159.93,12917.285
YPR149W,NCE102,62895.84333,77323.94
YPR154W,PIN3,25644.94833,12747.595
YPR156C,TPO3,12384.97833,7359.72
YPR157W,TDA6,8961.248333,5164.201667
YPR158C-C,YPR158C-C,44839.9,4379.6
YPR158C-D,YPR158C-D,44839.9,4379.6
YPR158W,CUR1,14785.19667,5443.831667
YPR158W-A,YPR158W-A,18859.82,2369.828333
YPR158W-B,YPR158W-B,18859.82,2369.828333
YPR159C-A,YPR159C-A,25078.61667,8421.583333
YPR159W,KRE6,35597.45333,14295.39833
YPR160W,GPH1,24217.95333,21302.89833
YPR165W,RHO1,16563.46,6902.541667
YPR181C,SEC23,3695.2,1534.526667
YPR182W,SMX3,3689.168333,1394.858333
